index,Test_Fold,Val_Fold,Method,DFT_energy(eV),ML_Predicted_Energy(eV),Unnamed: 0,Error
0.vasp,1,2,GNN,0.0,0.0,0.0,0.0
1.vasp,1,2,GNN,4.928519202,4.068756,1.0,0.8597632020000008
10.vasp,1,2,GNN,4.45421576,3.044605,2.0,1.4096107600000005
11.vasp,1,2,GNN,2.431122119,2.9160173,3.0,-0.4848951810000002
12.vasp,1,2,GNN,3.641420496,3.0593615,4.0,0.5820589959999998
13.vasp,1,2,GNN,6.405702094,4.4913416,5.0,1.9143604939999994
14.vasp,1,2,GNN,8.855503877,6.085283,6.0,2.770220877
15.vasp,1,2,GNN,2.713045822,3.2122405,7.0,-0.49919467799999984
16.vasp,1,2,GNN,6.099805431,5.0487247,8.0,1.0510807309999999
17.vasp,1,2,GNN,2.722210481,2.8317666,9.0,-0.10955611900000006
18.vasp,1,2,GNN,4.559505049,3.5700064,10.0,0.9894986490000002
19.vasp,1,2,GNN,6.374175798,5.894779,11.0,0.4793967979999998
2.vasp,1,2,GNN,6.214164275,4.4325466,12.0,1.7816176749999997
20.vasp,1,2,GNN,5.422701786,4.2763915,13.0,1.1463102860000003
3.vasp,1,2,GNN,4.33845104,4.372014,14.0,-0.03356296000000025
4.vasp,1,2,GNN,2.737012659,2.8797362,15.0,-0.14272354100000006
5.vasp,1,2,GNN,2.225160361,2.6246445,16.0,-0.3994841390000001
6.vasp,1,2,GNN,6.033119031,5.1878257,17.0,0.8452933309999997
7.vasp,1,2,GNN,3.380697728,3.2682102,18.0,0.11248752799999995
8.vasp,1,2,GNN,2.682005386,2.3635228,19.0,0.318482586
9.vasp,1,2,GNN,2.663108711,2.4523976,20.0,0.21071111100000017
0.vasp,1,2,AtomisticPotential,0.0,0.0,0.0,0.0
1.vasp,1,2,AtomisticPotential,4.928519202,3.0444151255275997,1.0,1.8841040764724006
2.vasp,1,2,AtomisticPotential,6.214164275,4.1411938547235785,2.0,2.0729704202764214
3.vasp,1,2,AtomisticPotential,4.33845104,2.531109598222379,3.0,1.8073414417776208
4.vasp,1,2,AtomisticPotential,2.737012659,1.2256424912148312,4.0,1.5113701677851687
5.vasp,1,2,AtomisticPotential,2.225160361,1.5882378858395363,5.0,0.6369224751604636
6.vasp,1,2,AtomisticPotential,6.033119031,4.3018451330404055,6.0,1.7312738979595945
7.vasp,1,2,AtomisticPotential,3.380697728,2.1081032512404683,7.0,1.2725944767595316
8.vasp,1,2,AtomisticPotential,2.682005386,1.7228148727735295,8.0,0.9591905132264706
9.vasp,1,2,AtomisticPotential,2.663108711,1.6895625318011298,9.0,0.9735461791988702
10.vasp,1,2,AtomisticPotential,4.45421576,2.7812419154765884,10.0,1.672973844523412
11.vasp,1,2,AtomisticPotential,2.431122119,1.6506772561585237,11.0,0.7804448628414762
12.vasp,1,2,AtomisticPotential,3.641420496,1.4774245582194645,12.0,2.1639959377805353
13.vasp,1,2,AtomisticPotential,6.405702094,3.5995245918912104,13.0,2.806177502108789
14.vasp,1,2,AtomisticPotential,8.855503877,4.990611838414349,14.0,3.8648920385856513
15.vasp,1,2,AtomisticPotential,2.713045822,1.986879838777046,15.0,0.7261659832229541
16.vasp,1,2,AtomisticPotential,6.099805431,3.935058818023137,16.0,2.164746612976863
17.vasp,1,2,AtomisticPotential,2.722210481,2.0563131903810685,17.0,0.6658972906189313
18.vasp,1,2,AtomisticPotential,4.559505049,2.6415129423911914,18.0,1.9179921066088088
19.vasp,1,2,AtomisticPotential,6.374175798,4.804262618839623,19.0,1.5699131791603769
20.vasp,1,2,AtomisticPotential,5.422701786,3.1009373603954273,20.0,2.321764425604573
0.vasp,1,3,GNN,0.0,0.0,0.0,0.0
1.vasp,1,3,GNN,4.928519202,4.276573,1.0,0.6519462020000004
10.vasp,1,3,GNN,4.45421576,3.3700027,2.0,1.0842130600000002
11.vasp,1,3,GNN,2.431122119,2.9783282,3.0,-0.5472060810000001
12.vasp,1,3,GNN,3.641420496,2.7603984,4.0,0.8810220959999997
13.vasp,1,3,GNN,6.405702094,4.487111,5.0,1.918591094
14.vasp,1,3,GNN,8.855503877,6.538952,6.0,2.316551877
15.vasp,1,3,GNN,2.713045822,3.239462,7.0,-0.5264161779999998
16.vasp,1,3,GNN,6.099805431,5.372198,8.0,0.727607431
17.vasp,1,3,GNN,2.722210481,3.1791258,9.0,-0.45691531900000015
18.vasp,1,3,GNN,4.559505049,3.670828,10.0,0.888677049
19.vasp,1,3,GNN,6.374175798,5.934951,11.0,0.4392247979999997
2.vasp,1,3,GNN,6.214164275,4.894388,12.0,1.3197762749999997
20.vasp,1,3,GNN,5.422701786,4.447813,13.0,0.9748887860000002
3.vasp,1,3,GNN,4.33845104,4.3574944,14.0,-0.019043360000000398
4.vasp,1,3,GNN,2.737012659,2.8094773,15.0,-0.07246464100000027
5.vasp,1,3,GNN,2.225160361,2.6644177,16.0,-0.4392573390000001
6.vasp,1,3,GNN,6.033119031,5.3879433,17.0,0.6451757310000001
7.vasp,1,3,GNN,3.380697728,3.5505993,18.0,-0.1699015720000001
8.vasp,1,3,GNN,2.682005386,2.4252167,19.0,0.25678868600000015
9.vasp,1,3,GNN,2.663108711,2.841219,20.0,-0.17811028900000014
0.vasp,1,3,AtomisticPotential,0.0,0.0,0.0,0.0
1.vasp,1,3,AtomisticPotential,4.928519202,3.122545755754892,1.0,1.8059734462451082
2.vasp,1,3,AtomisticPotential,6.214164275,4.203973626678117,2.0,2.010190648321883
3.vasp,1,3,AtomisticPotential,4.33845104,2.613324643714101,3.0,1.7251263962858987
4.vasp,1,3,AtomisticPotential,2.737012659,1.3124045268062083,4.0,1.4246081321937916
5.vasp,1,3,AtomisticPotential,2.225160361,1.6504875366523102,5.0,0.5746728243476897
6.vasp,1,3,AtomisticPotential,6.033119031,4.352989581049549,6.0,1.680129449950451
7.vasp,1,3,AtomisticPotential,3.380697728,2.1737486738665233,7.0,1.2069490541334766
8.vasp,1,3,AtomisticPotential,2.682005386,1.7939359693525034,8.0,0.8880694166474967
9.vasp,1,3,AtomisticPotential,2.663108711,1.7608857492455383,9.0,0.9022229617544617
10.vasp,1,3,AtomisticPotential,4.45421576,2.850821848037615,10.0,1.6033939119623852
11.vasp,1,3,AtomisticPotential,2.431122119,1.7187325798733433,11.0,0.7123895391266566
12.vasp,1,3,AtomisticPotential,3.641420496,1.5635141017421077,12.0,2.077906394257892
13.vasp,1,3,AtomisticPotential,6.405702094,3.6811522685594262,13.0,2.7245498254405733
14.vasp,1,3,AtomisticPotential,8.855503877,5.06265067757262,14.0,3.7928531994273804
15.vasp,1,3,AtomisticPotential,2.713045822,2.0568984317165686,15.0,0.6561473902834316
16.vasp,1,3,AtomisticPotential,6.099805431,4.0055430076457625,16.0,2.0942624233542375
17.vasp,1,3,AtomisticPotential,2.722210481,2.129931665978873,17.0,0.5922788150211269
18.vasp,1,3,AtomisticPotential,4.559505049,2.722082525923522,18.0,1.8374225230764782
19.vasp,1,3,AtomisticPotential,6.374175798,4.864585565320006,19.0,1.5095902326799937
20.vasp,1,3,AtomisticPotential,5.422701786,3.1705828666698963,20.0,2.252118919330104
0.vasp,1,4,GNN,0.0,0.0,0.0,0.0
1.vasp,1,4,GNN,4.928519202,4.1196465,1.0,0.8088727020000004
10.vasp,1,4,GNN,4.45421576,3.9069135,2.0,0.5473022600000004
11.vasp,1,4,GNN,2.431122119,2.9754117,3.0,-0.5442895810000001
12.vasp,1,4,GNN,3.641420496,2.6028156,4.0,1.0386048959999998
13.vasp,1,4,GNN,6.405702094,4.6473475,5.0,1.7583545939999992
14.vasp,1,4,GNN,8.855503877,6.628099,6.0,2.2274048770000006
15.vasp,1,4,GNN,2.713045822,3.2323475,7.0,-0.5193016779999997
16.vasp,1,4,GNN,6.099805431,5.377735,8.0,0.7220704309999997
17.vasp,1,4,GNN,2.722210481,3.3362603,9.0,-0.6140498190000003
18.vasp,1,4,GNN,4.559505049,3.5485778,10.0,1.0109272490000003
19.vasp,1,4,GNN,6.374175798,5.670766,11.0,0.7034097979999991
2.vasp,1,4,GNN,6.214164275,5.5549483,12.0,0.6592159749999995
20.vasp,1,4,GNN,5.422701786,4.700931,13.0,0.7217707860000004
3.vasp,1,4,GNN,4.33845104,4.121144,14.0,0.21730703999999967
4.vasp,1,4,GNN,2.737012659,2.2394633,15.0,0.49754935899999975
5.vasp,1,4,GNN,2.225160361,2.5235865,16.0,-0.29842613900000003
6.vasp,1,4,GNN,6.033119031,5.9490814,17.0,0.08403763100000017
7.vasp,1,4,GNN,3.380697728,3.5871954,18.0,-0.20649767200000024
8.vasp,1,4,GNN,2.682005386,2.6347485,19.0,0.047256886
9.vasp,1,4,GNN,2.663108711,2.7182484,20.0,-0.05513968899999977
0.vasp,1,4,AtomisticPotential,0.0,0.0,0.0,0.0
1.vasp,1,4,AtomisticPotential,4.928519202,2.939136885434067,1.0,1.9893823165659335
2.vasp,1,4,AtomisticPotential,6.214164275,4.072411554891136,2.0,2.1417527201088635
3.vasp,1,4,AtomisticPotential,4.33845104,2.413293120702644,3.0,1.925157919297356
4.vasp,1,4,AtomisticPotential,2.737012659,1.087475758150834,4.0,1.6495369008491658
5.vasp,1,4,AtomisticPotential,2.225160361,1.4971444489030574,5.0,0.7280159120969425
6.vasp,1,4,AtomisticPotential,6.033119031,4.255984910606323,6.0,1.7771341203936775
7.vasp,1,4,AtomisticPotential,3.380697728,2.015685745557512,7.0,1.3650119824424878
8.vasp,1,4,AtomisticPotential,2.682005386,1.6170430833364406,8.0,1.0649623026635595
9.vasp,1,4,AtomisticPotential,2.663108711,1.5835052553902038,9.0,1.0796034556097962
10.vasp,1,4,AtomisticPotential,4.45421576,2.687518207760096,10.0,1.7666975522399042
11.vasp,1,4,AtomisticPotential,2.431122119,1.5498063205786607,11.0,0.8813157984213391
12.vasp,1,4,AtomisticPotential,3.641420496,1.343088758995929,12.0,2.298331737004071
13.vasp,1,4,AtomisticPotential,6.405702094,3.492946346393026,13.0,2.9127557476069734
14.vasp,1,4,AtomisticPotential,8.855503877,4.913963722013769,14.0,3.9415401549862317
15.vasp,1,4,AtomisticPotential,2.713045822,1.8853581400280035,15.0,0.8276876819719967
16.vasp,1,4,AtomisticPotential,6.099805431,3.8515314929000866,16.0,2.2482739380999135
17.vasp,1,4,AtomisticPotential,2.722210481,1.949410421849091,17.0,0.7728000591509088
18.vasp,1,4,AtomisticPotential,4.559505049,2.5279311642146,18.0,2.0315738847854004
19.vasp,1,4,AtomisticPotential,6.374175798,4.747063889495639,19.0,1.6271119085043608
20.vasp,1,4,AtomisticPotential,5.422701786,3.0106116721546705,20.0,2.4120901138453297
0.vasp,1,5,GNN,0.0,0.0,0.0,0.0
1.vasp,1,5,GNN,4.928519202,3.873116,1.0,1.0554032020000004
10.vasp,1,5,GNN,4.45421576,2.964461,2.0,1.4897547600000003
11.vasp,1,5,GNN,2.431122119,2.75104,3.0,-0.3199178810000003
12.vasp,1,5,GNN,3.641420496,2.2545574,4.0,1.386863096
13.vasp,1,5,GNN,6.405702094,3.9944868,5.0,2.411215294
14.vasp,1,5,GNN,8.855503877,5.8286285,6.0,3.0268753770000005
15.vasp,1,5,GNN,2.713045822,2.9362366,7.0,-0.22319077799999976
16.vasp,1,5,GNN,6.099805431,4.762877,8.0,1.3369284310000005
17.vasp,1,5,GNN,2.722210481,2.9533627,9.0,-0.23115221900000016
18.vasp,1,5,GNN,4.559505049,3.3713312,10.0,1.188173849
19.vasp,1,5,GNN,6.374175798,5.6395636,11.0,0.7346121979999998
2.vasp,1,5,GNN,6.214164275,4.5427976,12.0,1.6713666749999998
20.vasp,1,5,GNN,5.422701786,4.068132,13.0,1.3545697859999999
3.vasp,1,5,GNN,4.33845104,3.9643812,14.0,0.37406983999999976
4.vasp,1,5,GNN,2.737012659,1.8868392,15.0,0.8501734589999999
5.vasp,1,5,GNN,2.225160361,2.2615106,16.0,-0.036350238999999895
6.vasp,1,5,GNN,6.033119031,4.7561984,17.0,1.2769206310000003
7.vasp,1,5,GNN,3.380697728,3.3022819,18.0,0.0784158279999998
8.vasp,1,5,GNN,2.682005386,2.1022627,19.0,0.5797426860000003
9.vasp,1,5,GNN,2.663108711,2.4373837,20.0,0.2257250110000002
0.vasp,1,5,AtomisticPotential,0.0,0.0,0.0,0.0
1.vasp,1,5,AtomisticPotential,4.928519202,3.147048354728412,1.0,1.7814708472715886
2.vasp,1,5,AtomisticPotential,6.214164275,4.230574956417893,2.0,1.9835893185821067
3.vasp,1,5,AtomisticPotential,4.33845104,2.6364445141383435,3.0,1.7020065258616563
4.vasp,1,5,AtomisticPotential,2.737012659,1.330944033468466,4.0,1.406068625531534
5.vasp,1,5,AtomisticPotential,2.225160361,1.666532485699122,5.0,0.558627875300878
6.vasp,1,5,AtomisticPotential,6.033119031,4.378289025645412,6.0,1.6548300053545884
7.vasp,1,5,AtomisticPotential,3.380697728,2.192476940447296,7.0,1.1882207875527038
8.vasp,1,5,AtomisticPotential,2.682005386,1.8119804390435768,8.0,0.8700249469564234
9.vasp,1,5,AtomisticPotential,2.663108711,1.778787416285489,9.0,0.8843212947145109
10.vasp,1,5,AtomisticPotential,4.45421576,2.872992765653933,10.0,1.5812229943460672
11.vasp,1,5,AtomisticPotential,2.431122119,1.735974525099067,11.0,0.6951475939009328
12.vasp,1,5,AtomisticPotential,3.641420496,1.5829420907515512,12.0,2.0584784052484486
13.vasp,1,5,AtomisticPotential,6.405702094,3.708511234188599,13.0,2.6971908598114007
14.vasp,1,5,AtomisticPotential,8.855503877,5.094143250822,14.0,3.761360626178
15.vasp,1,5,AtomisticPotential,2.713045822,2.075859700128042,15.0,0.6371861218719581
16.vasp,1,5,AtomisticPotential,6.099805431,4.032458031116793,16.0,2.0673473998832073
17.vasp,1,5,AtomisticPotential,2.722210481,2.1497194386835012,17.0,0.5724910423164986
18.vasp,1,5,AtomisticPotential,4.559505049,2.7453577414503307,18.0,1.8141473075496695
19.vasp,1,5,AtomisticPotential,6.374175798,4.893387281779052,19.0,1.4807885162209473
20.vasp,1,5,AtomisticPotential,5.422701786,3.194013051409989,20.0,2.228688734590011
0.vasp,2,1,GNN,0.0,0.0,0.0,0.0
1.vasp,2,1,GNN,4.928519202,3.9510124,1.0,0.9775068020000002
10.vasp,2,1,GNN,4.45421576,2.9408836,2.0,1.5133321600000005
11.vasp,2,1,GNN,2.431122119,2.6868522,3.0,-0.2557300810000003
12.vasp,2,1,GNN,3.641420496,2.7214212,4.0,0.9199992959999999
13.vasp,2,1,GNN,6.405702094,4.324235,5.0,2.0814670939999997
14.vasp,2,1,GNN,8.855503877,5.9247108,6.0,2.9307930770000006
15.vasp,2,1,GNN,2.713045822,2.9678643,7.0,-0.2548184779999998
16.vasp,2,1,GNN,6.099805431,4.9103374,8.0,1.1894680309999996
17.vasp,2,1,GNN,2.722210481,2.7529204,9.0,-0.030709918999999974
18.vasp,2,1,GNN,4.559505049,3.3753488,10.0,1.1841562490000004
19.vasp,2,1,GNN,6.374175798,5.7668753,11.0,0.6073004979999999
2.vasp,2,1,GNN,6.214164275,4.2673235,12.0,1.946840775
20.vasp,2,1,GNN,5.422701786,4.140517,13.0,1.2821847860000002
3.vasp,2,1,GNN,4.33845104,4.1997967,14.0,0.13865433999999954
4.vasp,2,1,GNN,2.737012659,2.5342202,15.0,0.20279245899999987
5.vasp,2,1,GNN,2.225160361,2.323189,16.0,-0.09802863900000025
6.vasp,2,1,GNN,6.033119031,5.045868,17.0,0.9872510310000004
7.vasp,2,1,GNN,3.380697728,3.1307235,18.0,0.2499742279999997
8.vasp,2,1,GNN,2.682005386,2.0441632,19.0,0.6378421860000003
9.vasp,2,1,GNN,2.663108711,2.3168797,20.0,0.34622901100000014
0.vasp,2,1,AtomisticPotential,0.0,0.0,0.0,0.0
1.vasp,2,1,AtomisticPotential,4.928519202,3.0444151255275997,1.0,1.8841040764724006
2.vasp,2,1,AtomisticPotential,6.214164275,4.1411938547235785,2.0,2.0729704202764214
3.vasp,2,1,AtomisticPotential,4.33845104,2.531109598222379,3.0,1.8073414417776208
4.vasp,2,1,AtomisticPotential,2.737012659,1.2256424912148312,4.0,1.5113701677851687
5.vasp,2,1,AtomisticPotential,2.225160361,1.5882378858395363,5.0,0.6369224751604636
6.vasp,2,1,AtomisticPotential,6.033119031,4.3018451330404055,6.0,1.7312738979595945
7.vasp,2,1,AtomisticPotential,3.380697728,2.1081032512404683,7.0,1.2725944767595316
8.vasp,2,1,AtomisticPotential,2.682005386,1.7228148727735295,8.0,0.9591905132264706
9.vasp,2,1,AtomisticPotential,2.663108711,1.6895625318011298,9.0,0.9735461791988702
10.vasp,2,1,AtomisticPotential,4.45421576,2.7812419154765884,10.0,1.672973844523412
11.vasp,2,1,AtomisticPotential,2.431122119,1.6506772561585237,11.0,0.7804448628414762
12.vasp,2,1,AtomisticPotential,3.641420496,1.4774245582194645,12.0,2.1639959377805353
13.vasp,2,1,AtomisticPotential,6.405702094,3.5995245918912104,13.0,2.806177502108789
14.vasp,2,1,AtomisticPotential,8.855503877,4.990611838414349,14.0,3.8648920385856513
15.vasp,2,1,AtomisticPotential,2.713045822,1.986879838777046,15.0,0.7261659832229541
16.vasp,2,1,AtomisticPotential,6.099805431,3.935058818023137,16.0,2.164746612976863
17.vasp,2,1,AtomisticPotential,2.722210481,2.0563131903810685,17.0,0.6658972906189313
18.vasp,2,1,AtomisticPotential,4.559505049,2.6415129423911914,18.0,1.9179921066088088
19.vasp,2,1,AtomisticPotential,6.374175798,4.804262618839623,19.0,1.5699131791603769
20.vasp,2,1,AtomisticPotential,5.422701786,3.1009373603954273,20.0,2.321764425604573
0.vasp,2,3,GNN,0.0,0.0,0.0,0.0
1.vasp,2,3,GNN,4.928519202,4.4504466,1.0,0.4780726020000001
10.vasp,2,3,GNN,4.45421576,3.7142165,2.0,0.7399992600000003
11.vasp,2,3,GNN,2.431122119,3.0967648,3.0,-0.665642681
12.vasp,2,3,GNN,3.641420496,2.9010615,4.0,0.7403589959999999
13.vasp,2,3,GNN,6.405702094,5.912426,5.0,0.4932760939999996
14.vasp,2,3,GNN,8.855503877,6.6461086,6.0,2.2093952770000005
15.vasp,2,3,GNN,2.713045822,3.5184953,7.0,-0.8054494779999999
16.vasp,2,3,GNN,6.099805431,5.2300406,8.0,0.8697648310000003
17.vasp,2,3,GNN,2.722210481,3.3892434,9.0,-0.667032919
18.vasp,2,3,GNN,4.559505049,4.1984215,10.0,0.36108354899999995
19.vasp,2,3,GNN,6.374175798,6.29589,11.0,0.07828579799999957
2.vasp,2,3,GNN,6.214164275,5.16802,12.0,1.0461442749999996
20.vasp,2,3,GNN,5.422701786,4.4446096,13.0,0.9780921860000005
3.vasp,2,3,GNN,4.33845104,4.5500846,14.0,-0.2116335600000001
4.vasp,2,3,GNN,2.737012659,2.6528563,15.0,0.08415635900000007
5.vasp,2,3,GNN,2.225160361,2.5239875,16.0,-0.29882713900000013
6.vasp,2,3,GNN,6.033119031,5.2625585,17.0,0.7705605310000001
7.vasp,2,3,GNN,3.380697728,3.6842136,18.0,-0.3035158720000002
8.vasp,2,3,GNN,2.682005386,2.4491997,19.0,0.2328056860000003
9.vasp,2,3,GNN,2.663108711,2.934479,20.0,-0.27137028900000004
0.vasp,2,3,AtomisticPotential,0.0,0.0,0.0,0.0
1.vasp,2,3,AtomisticPotential,4.928519202,3.038478247962832,1.0,1.8900409540371683
2.vasp,2,3,AtomisticPotential,6.214164275,4.074949860901455,2.0,2.1392144140985447
3.vasp,2,3,AtomisticPotential,4.33845104,2.526817542033875,3.0,1.8116334979661248
4.vasp,2,3,AtomisticPotential,2.737012659,1.263217129065726,4.0,1.473795529934274
5.vasp,2,3,AtomisticPotential,2.225160361,1.6314661707232396,5.0,0.5936941902767603
6.vasp,2,3,AtomisticPotential,6.033119031,4.258868033536597,6.0,1.7742509974634029
7.vasp,2,3,AtomisticPotential,3.380697728,2.126306859867295,7.0,1.2543908681327047
8.vasp,2,3,AtomisticPotential,2.682005386,1.7507832630833209,8.0,0.9312221229166793
9.vasp,2,3,AtomisticPotential,2.663108711,1.7299215337189366,9.0,0.9331871772810634
10.vasp,2,3,AtomisticPotential,4.45421576,2.7551432445080906,10.0,1.6990725154919097
11.vasp,2,3,AtomisticPotential,2.431122119,1.6868352854455535,11.0,0.7442868335544464
12.vasp,2,3,AtomisticPotential,3.641420496,1.5147351086936212,12.0,2.1266853873063787
13.vasp,2,3,AtomisticPotential,6.405702094,3.56354864324377,13.0,2.8421534507562294
14.vasp,2,3,AtomisticPotential,8.855503877,4.907481026220168,14.0,3.9480228507798323
15.vasp,2,3,AtomisticPotential,2.713045822,2.0008634658253612,15.0,0.712182356174639
16.vasp,2,3,AtomisticPotential,6.099805431,3.897192950074096,16.0,2.2026124809259042
17.vasp,2,3,AtomisticPotential,2.722210481,2.0764354145620523,17.0,0.6457750664379476
18.vasp,2,3,AtomisticPotential,4.559505049,2.64248909545973,18.0,1.91701595354027
19.vasp,2,3,AtomisticPotential,6.374175798,4.7458730898645385,19.0,1.628302708135461
20.vasp,2,3,AtomisticPotential,5.422701786,3.078882258781828,20.0,2.343819527218172
0.vasp,2,4,GNN,0.0,0.0,0.0,0.0
1.vasp,2,4,GNN,4.928519202,4.1755624,1.0,0.7529568020000008
10.vasp,2,4,GNN,4.45421576,3.6995354,2.0,0.7546803600000005
11.vasp,2,4,GNN,2.431122119,3.0927591,3.0,-0.661636981
12.vasp,2,4,GNN,3.641420496,2.9336584,4.0,0.7077620959999997
13.vasp,2,4,GNN,6.405702094,4.7753077,5.0,1.6303943939999996
14.vasp,2,4,GNN,8.855503877,7.1429253,6.0,1.7125785770000004
15.vasp,2,4,GNN,2.713045822,3.271985,7.0,-0.5589391779999997
16.vasp,2,4,GNN,6.099805431,5.5032573,8.0,0.5965481310000005
17.vasp,2,4,GNN,2.722210481,3.0661185,9.0,-0.3439080190000001
18.vasp,2,4,GNN,4.559505049,3.7555695,10.0,0.8039355490000002
19.vasp,2,4,GNN,6.374175798,6.16728,11.0,0.2068957979999997
2.vasp,2,4,GNN,6.214164275,5.4700165,12.0,0.7441477750000001
20.vasp,2,4,GNN,5.422701786,4.6750875,13.0,0.7476142860000001
3.vasp,2,4,GNN,4.33845104,4.2380905,14.0,0.10036053999999961
4.vasp,2,4,GNN,2.737012659,2.6596713,15.0,0.07734135900000005
5.vasp,2,4,GNN,2.225160361,2.331001,16.0,-0.10584063900000018
6.vasp,2,4,GNN,6.033119031,5.8041053,17.0,0.22901373100000022
7.vasp,2,4,GNN,3.380697728,3.4846673,18.0,-0.10396957200000001
8.vasp,2,4,GNN,2.682005386,2.501911,19.0,0.18009438599999994
9.vasp,2,4,GNN,2.663108711,2.7104895,20.0,-0.04738078899999998
0.vasp,2,4,AtomisticPotential,0.0,0.0,0.0,0.0
1.vasp,2,4,AtomisticPotential,4.928519202,2.8258224746337675,1.0,2.102696727366233
2.vasp,2,4,AtomisticPotential,6.214164275,3.9146396515163495,2.0,2.2995246234836504
3.vasp,2,4,AtomisticPotential,4.33845104,2.295954513651534,3.0,2.042496526348466
4.vasp,2,4,AtomisticPotential,2.737012659,1.0092434239052783,4.0,1.7277692350947216
5.vasp,2,4,AtomisticPotential,2.225160361,1.4590893307923984,5.0,0.7660710302076015
6.vasp,2,4,AtomisticPotential,6.033119031,4.139824380503228,6.0,1.893294650496772
7.vasp,2,4,AtomisticPotential,3.380697728,1.9457186105961668,7.0,1.434979117403833
8.vasp,2,4,AtomisticPotential,2.682005386,1.5500699925135422,8.0,1.131935393486458
9.vasp,2,4,AtomisticPotential,2.663108711,1.5298122873618816,9.0,1.1332964236381184
10.vasp,2,4,AtomisticPotential,4.45421576,2.563835696581627,10.0,1.8903800634183732
11.vasp,2,4,AtomisticPotential,2.431122119,1.4960114356529033,11.0,0.9351106833470966
12.vasp,2,4,AtomisticPotential,3.641420496,1.2655865597001856,12.0,2.375833936299814
13.vasp,2,4,AtomisticPotential,6.405702094,3.3421005417828944,13.0,3.063601552217105
14.vasp,2,4,AtomisticPotential,8.855503877,4.725213770532989,14.0,4.130290106467012
15.vasp,2,4,AtomisticPotential,2.713045822,1.8046854608112357,15.0,0.9083603611887645
16.vasp,2,4,AtomisticPotential,6.099805431,3.714126848335809,16.0,2.385678582664191
17.vasp,2,4,AtomisticPotential,2.722210481,1.8705143862556104,17.0,0.8516960947443895
18.vasp,2,4,AtomisticPotential,4.559505049,2.418675039237005,18.0,2.140830009762995
19.vasp,2,4,AtomisticPotential,6.374175798,4.601526601108134,19.0,1.7726491968918658
20.vasp,2,4,AtomisticPotential,5.422701786,2.891382487827819,20.0,2.531319298172181
0.vasp,2,5,GNN,0.0,0.0,0.0,0.0
1.vasp,2,5,GNN,4.928519202,5.068324,1.0,-0.13980479799999923
10.vasp,2,5,GNN,4.45421576,4.2925663,2.0,0.16164946000000047
11.vasp,2,5,GNN,2.431122119,3.7296064,3.0,-1.2984842810000004
12.vasp,2,5,GNN,3.641420496,3.4000094,4.0,0.24141109599999977
13.vasp,2,5,GNN,6.405702094,5.575141,5.0,0.8305610939999992
14.vasp,2,5,GNN,8.855503877,7.0425167,6.0,1.8129871770000001
15.vasp,2,5,GNN,2.713045822,3.9149005,7.0,-1.2018546779999997
16.vasp,2,5,GNN,6.099805431,6.0651045,8.0,0.03470093099999971
17.vasp,2,5,GNN,2.722210481,3.9464738,9.0,-1.2242633190000003
18.vasp,2,5,GNN,4.559505049,4.580813,10.0,-0.021307950999999825
19.vasp,2,5,GNN,6.374175798,6.838883,11.0,-0.4647072020000005
2.vasp,2,5,GNN,6.214164275,5.6485877,12.0,0.5655765749999997
20.vasp,2,5,GNN,5.422701786,5.448379,13.0,-0.025677213999999893
3.vasp,2,5,GNN,4.33845104,5.189687,14.0,-0.8512359600000003
4.vasp,2,5,GNN,2.737012659,3.2182148,15.0,-0.48120214100000025
5.vasp,2,5,GNN,2.225160361,3.3399818,16.0,-1.114821439
6.vasp,2,5,GNN,6.033119031,5.7878504,17.0,0.24526863100000007
7.vasp,2,5,GNN,3.380697728,4.148426,18.0,-0.7677282719999998
8.vasp,2,5,GNN,2.682005386,3.2701883,19.0,-0.5881829139999999
9.vasp,2,5,GNN,2.663108711,3.423224,20.0,-0.7601152889999998
0.vasp,2,5,AtomisticPotential,0.0,0.0,0.0,0.0
1.vasp,2,5,AtomisticPotential,4.928519202,3.054133409242848,1.0,1.8743857927571526
2.vasp,2,5,AtomisticPotential,6.214164275,4.092190703937327,2.0,2.1219735710626733
3.vasp,2,5,AtomisticPotential,4.33845104,2.540137996542196,3.0,1.7983130434578039
4.vasp,2,5,AtomisticPotential,2.737012659,1.2726991191233097,4.0,1.4643135398766902
5.vasp,2,5,AtomisticPotential,2.225160361,1.6426582952590714,5.0,0.5825020657409286
6.vasp,2,5,AtomisticPotential,6.033119031,4.278061046248407,6.0,1.755057984751593
7.vasp,2,5,AtomisticPotential,3.380697728,2.1386228613988045,7.0,1.2420748666011954
8.vasp,2,5,AtomisticPotential,2.682005386,1.7618798636349204,8.0,0.9201255223650797
9.vasp,2,5,AtomisticPotential,2.663108711,1.7415797527979215,9.0,0.9215289582020785
10.vasp,2,5,AtomisticPotential,4.45421576,2.768215827991721,10.0,1.6859999320082792
11.vasp,2,5,AtomisticPotential,2.431122119,1.6980098443737894,11.0,0.7331122746262104
12.vasp,2,5,AtomisticPotential,3.641420496,1.525414460569806,12.0,2.116006035430194
13.vasp,2,5,AtomisticPotential,6.405702094,3.5802090746316253,13.0,2.8254930193683743
14.vasp,2,5,AtomisticPotential,8.855503877,4.928010428371813,14.0,3.927493448628187
15.vasp,2,5,AtomisticPotential,2.713045822,2.012413120549599,15.0,0.700632701450401
16.vasp,2,5,AtomisticPotential,6.099805431,3.9152008636890834,16.0,2.1846045673109167
17.vasp,2,5,AtomisticPotential,2.722210481,2.088734869140648,17.0,0.6334756118593519
18.vasp,2,5,AtomisticPotential,4.559505049,2.656626516052416,18.0,1.9028785329475841
19.vasp,2,5,AtomisticPotential,6.374175798,4.766753400846106,19.0,1.6074223971538935
20.vasp,2,5,AtomisticPotential,5.422701786,3.0937438762499703,20.0,2.32895790975003
0.vasp,3,1,GNN,0.0,0.0,0.0,0.0
1.vasp,3,1,GNN,4.928519202,4.268408,1.0,0.6601112020000004
10.vasp,3,1,GNN,4.45421576,3.322463,2.0,1.1317527600000004
11.vasp,3,1,GNN,2.431122119,2.9321828,3.0,-0.5010606810000002
12.vasp,3,1,GNN,3.641420496,2.7401567,4.0,0.9012637959999998
13.vasp,3,1,GNN,6.405702094,4.475342,5.0,1.9303600939999992
14.vasp,3,1,GNN,8.855503877,6.5200434,6.0,2.3354604770000007
15.vasp,3,1,GNN,2.713045822,3.2074637,7.0,-0.4944178779999997
16.vasp,3,1,GNN,6.099805431,5.336694,8.0,0.7631114310000005
17.vasp,3,1,GNN,2.722210481,3.1748576,9.0,-0.4526471190000003
18.vasp,3,1,GNN,4.559505049,3.6545858,10.0,0.9049192490000002
19.vasp,3,1,GNN,6.374175798,5.906661,11.0,0.46751479799999984
2.vasp,3,1,GNN,6.214164275,4.8710318,12.0,1.343132475
20.vasp,3,1,GNN,5.422701786,4.4207754,13.0,1.001926386
3.vasp,3,1,GNN,4.33845104,4.348854,14.0,-0.010402960000000405
4.vasp,3,1,GNN,2.737012659,2.7827601,15.0,-0.045747441000000055
5.vasp,3,1,GNN,2.225160361,2.6153402,16.0,-0.390179839
6.vasp,3,1,GNN,6.033119031,5.378169,17.0,0.6549500310000003
7.vasp,3,1,GNN,3.380697728,3.4993768,18.0,-0.11867907199999994
8.vasp,3,1,GNN,2.682005386,2.3879118,19.0,0.29409358600000024
9.vasp,3,1,GNN,2.663108711,2.7922955,20.0,-0.1291867889999998
0.vasp,3,1,AtomisticPotential,0.0,0.0,0.0,0.0
1.vasp,3,1,AtomisticPotential,4.928519202,3.122545755754892,1.0,1.8059734462451082
2.vasp,3,1,AtomisticPotential,6.214164275,4.203973626678117,2.0,2.010190648321883
3.vasp,3,1,AtomisticPotential,4.33845104,2.613324643714101,3.0,1.7251263962858987
4.vasp,3,1,AtomisticPotential,2.737012659,1.3124045268062083,4.0,1.4246081321937916
5.vasp,3,1,AtomisticPotential,2.225160361,1.6504875366523102,5.0,0.5746728243476897
6.vasp,3,1,AtomisticPotential,6.033119031,4.352989581049549,6.0,1.680129449950451
7.vasp,3,1,AtomisticPotential,3.380697728,2.1737486738665233,7.0,1.2069490541334766
8.vasp,3,1,AtomisticPotential,2.682005386,1.7939359693525034,8.0,0.8880694166474967
9.vasp,3,1,AtomisticPotential,2.663108711,1.7608857492455383,9.0,0.9022229617544617
10.vasp,3,1,AtomisticPotential,4.45421576,2.850821848037615,10.0,1.6033939119623852
11.vasp,3,1,AtomisticPotential,2.431122119,1.7187325798733433,11.0,0.7123895391266566
12.vasp,3,1,AtomisticPotential,3.641420496,1.5635141017421077,12.0,2.077906394257892
13.vasp,3,1,AtomisticPotential,6.405702094,3.6811522685594262,13.0,2.7245498254405733
14.vasp,3,1,AtomisticPotential,8.855503877,5.06265067757262,14.0,3.7928531994273804
15.vasp,3,1,AtomisticPotential,2.713045822,2.0568984317165686,15.0,0.6561473902834316
16.vasp,3,1,AtomisticPotential,6.099805431,4.0055430076457625,16.0,2.0942624233542375
17.vasp,3,1,AtomisticPotential,2.722210481,2.129931665978873,17.0,0.5922788150211269
18.vasp,3,1,AtomisticPotential,4.559505049,2.722082525923522,18.0,1.8374225230764782
19.vasp,3,1,AtomisticPotential,6.374175798,4.864585565320006,19.0,1.5095902326799937
20.vasp,3,1,AtomisticPotential,5.422701786,3.1705828666698963,20.0,2.252118919330104
0.vasp,3,2,GNN,0.0,0.0,0.0,0.0
1.vasp,3,2,GNN,4.928519202,4.0931273,1.0,0.8353919020000005
10.vasp,3,2,GNN,4.45421576,3.0127776,2.0,1.4414381600000001
11.vasp,3,2,GNN,2.431122119,2.8809125,3.0,-0.44979038100000013
12.vasp,3,2,GNN,3.641420496,2.4531176,4.0,1.1883028959999997
13.vasp,3,2,GNN,6.405702094,4.4393406,5.0,1.9663614939999992
14.vasp,3,2,GNN,8.855503877,6.281902,6.0,2.5736018770000006
15.vasp,3,2,GNN,2.713045822,3.162449,7.0,-0.44940317799999985
16.vasp,3,2,GNN,6.099805431,4.9988136,8.0,1.100991831
17.vasp,3,2,GNN,2.722210481,2.8520234,9.0,-0.12981291900000036
18.vasp,3,2,GNN,4.559505049,3.5088236,10.0,1.0506814490000003
19.vasp,3,2,GNN,6.374175798,5.772496,11.0,0.6016797979999993
2.vasp,3,2,GNN,6.214164275,4.473639,12.0,1.7405252749999995
20.vasp,3,2,GNN,5.422701786,4.123188,13.0,1.2995137860000003
3.vasp,3,2,GNN,4.33845104,4.2791605,14.0,0.059290540000000114
4.vasp,3,2,GNN,2.737012659,2.1655293,15.0,0.5714833589999997
5.vasp,3,2,GNN,2.225160361,2.3804026,16.0,-0.15524223900000012
6.vasp,3,2,GNN,6.033119031,5.284333,17.0,0.7487860309999999
7.vasp,3,2,GNN,3.380697728,3.3784409,18.0,0.002256827999999711
8.vasp,3,2,GNN,2.682005386,2.0180295,19.0,0.6639758860000002
9.vasp,3,2,GNN,2.663108711,2.546044,20.0,0.11706471099999982
0.vasp,3,2,AtomisticPotential,0.0,0.0,0.0,0.0
1.vasp,3,2,AtomisticPotential,4.928519202,3.038478247962832,1.0,1.8900409540371683
2.vasp,3,2,AtomisticPotential,6.214164275,4.074949860901455,2.0,2.1392144140985447
3.vasp,3,2,AtomisticPotential,4.33845104,2.526817542033875,3.0,1.8116334979661248
4.vasp,3,2,AtomisticPotential,2.737012659,1.263217129065726,4.0,1.473795529934274
5.vasp,3,2,AtomisticPotential,2.225160361,1.6314661707232396,5.0,0.5936941902767603
6.vasp,3,2,AtomisticPotential,6.033119031,4.258868033536597,6.0,1.7742509974634029
7.vasp,3,2,AtomisticPotential,3.380697728,2.126306859867295,7.0,1.2543908681327047
8.vasp,3,2,AtomisticPotential,2.682005386,1.7507832630833209,8.0,0.9312221229166793
9.vasp,3,2,AtomisticPotential,2.663108711,1.7299215337189366,9.0,0.9331871772810634
10.vasp,3,2,AtomisticPotential,4.45421576,2.7551432445080906,10.0,1.6990725154919097
11.vasp,3,2,AtomisticPotential,2.431122119,1.6868352854455535,11.0,0.7442868335544464
12.vasp,3,2,AtomisticPotential,3.641420496,1.5147351086936212,12.0,2.1266853873063787
13.vasp,3,2,AtomisticPotential,6.405702094,3.56354864324377,13.0,2.8421534507562294
14.vasp,3,2,AtomisticPotential,8.855503877,4.907481026220168,14.0,3.9480228507798323
15.vasp,3,2,AtomisticPotential,2.713045822,2.0008634658253612,15.0,0.712182356174639
16.vasp,3,2,AtomisticPotential,6.099805431,3.897192950074096,16.0,2.2026124809259042
17.vasp,3,2,AtomisticPotential,2.722210481,2.0764354145620523,17.0,0.6457750664379476
18.vasp,3,2,AtomisticPotential,4.559505049,2.64248909545973,18.0,1.91701595354027
19.vasp,3,2,AtomisticPotential,6.374175798,4.7458730898645385,19.0,1.628302708135461
20.vasp,3,2,AtomisticPotential,5.422701786,3.078882258781828,20.0,2.343819527218172
0.vasp,3,4,GNN,0.0,0.0,0.0,0.0
1.vasp,3,4,GNN,4.928519202,3.6297786,1.0,1.2987406020000005
10.vasp,3,4,GNN,4.45421576,3.2209942,2.0,1.2332215600000005
11.vasp,3,4,GNN,2.431122119,2.6478102,3.0,-0.21668808100000003
12.vasp,3,4,GNN,3.641420496,2.0641122,4.0,1.577308296
13.vasp,3,4,GNN,6.405702094,3.9533508,5.0,2.4523512939999996
14.vasp,3,4,GNN,8.855503877,6.379574,6.0,2.4759298770000004
15.vasp,3,4,GNN,2.713045822,2.7978554,7.0,-0.08480957799999977
16.vasp,3,4,GNN,6.099805431,4.8898897,8.0,1.2099157309999997
17.vasp,3,4,GNN,2.722210481,2.692034,9.0,0.03017648099999981
18.vasp,3,4,GNN,4.559505049,3.2637126,10.0,1.2957924490000003
19.vasp,3,4,GNN,6.374175798,5.501031,11.0,0.8731447979999993
2.vasp,3,4,GNN,6.214164275,4.8460236,12.0,1.3681406750000003
20.vasp,3,4,GNN,5.422701786,4.482586,13.0,0.9401157859999998
3.vasp,3,4,GNN,4.33845104,3.8601997,14.0,0.4782513399999999
4.vasp,3,4,GNN,2.737012659,1.9046884,15.0,0.832324259
5.vasp,3,4,GNN,2.225160361,2.604768,16.0,-0.37960763900000005
6.vasp,3,4,GNN,6.033119031,5.2457695,17.0,0.7873495310000003
7.vasp,3,4,GNN,3.380697728,3.1853764,18.0,0.1953213279999999
8.vasp,3,4,GNN,2.682005386,1.9457002,19.0,0.7363051860000001
9.vasp,3,4,GNN,2.663108711,2.2164407,20.0,0.44666801099999986
0.vasp,3,4,AtomisticPotential,0.0,0.0,0.0,0.0
1.vasp,3,4,AtomisticPotential,4.928519202,2.9181011047849417,1.0,2.0104180972150587
2.vasp,3,4,AtomisticPotential,6.214164275,3.9925396543024223,2.0,2.2216246206975776
3.vasp,3,4,AtomisticPotential,4.33845104,2.393430150718558,3.0,1.9450208892814418
4.vasp,3,4,AtomisticPotential,2.737012659,1.1097667621868084,4.0,1.6272458968131915
5.vasp,3,4,AtomisticPotential,2.225160361,1.5292981654940585,5.0,0.6958621955059414
6.vasp,3,4,AtomisticPotential,6.033119031,4.2016361063055,6.0,1.8314829246945
7.vasp,3,4,AtomisticPotential,3.380697728,2.02168478266762,7.0,1.3590129453323798
8.vasp,3,4,AtomisticPotential,2.682005386,1.6321350604149778,8.0,1.0498703255850224
9.vasp,3,4,AtomisticPotential,2.663108711,1.6111193771733203,9.0,1.0519893338266797
10.vasp,3,4,AtomisticPotential,4.45421576,2.647686452599327,10.0,1.8065293074006732
11.vasp,3,4,AtomisticPotential,2.431122119,1.5737576751289843,11.0,0.8573644438710155
12.vasp,3,4,AtomisticPotential,3.641420496,1.3651205307116534,12.0,2.2762999652883464
13.vasp,3,4,AtomisticPotential,6.405702094,3.440646662847154,13.0,2.9650554311528454
14.vasp,3,4,AtomisticPotential,8.855503877,4.815003444089498,14.0,4.040500432910502
15.vasp,3,4,AtomisticPotential,2.713045822,1.886371408487012,15.0,0.8266744135129882
16.vasp,3,4,AtomisticPotential,6.099805431,3.799126036959059,16.0,2.300679394040941
17.vasp,3,4,AtomisticPotential,2.722210481,1.955976397394892,17.0,0.7662340836051078
18.vasp,3,4,AtomisticPotential,4.559505049,2.513641573741811,18.0,2.045863475258189
19.vasp,3,4,AtomisticPotential,6.374175798,4.675284688458287,19.0,1.6988911095417123
20.vasp,3,4,AtomisticPotential,5.422701786,2.974722330620235,20.0,2.447979455379765
0.vasp,3,5,GNN,0.0,0.0,0.0,0.0
1.vasp,3,5,GNN,4.928519202,3.875804,1.0,1.0527152020000003
10.vasp,3,5,GNN,4.45421576,3.3716877,2.0,1.0825280600000005
11.vasp,3,5,GNN,2.431122119,2.9706776,3.0,-0.5395554810000003
12.vasp,3,5,GNN,3.641420496,2.7254717,4.0,0.9159487959999999
13.vasp,3,5,GNN,6.405702094,4.1797695,5.0,2.2259325939999997
14.vasp,3,5,GNN,8.855503877,5.4661064,6.0,3.389397477
15.vasp,3,5,GNN,2.713045822,3.2343452,7.0,-0.5212993779999997
16.vasp,3,5,GNN,6.099805431,4.866814,8.0,1.2329914310000003
17.vasp,3,5,GNN,2.722210481,3.173054,9.0,-0.4508435190000002
18.vasp,3,5,GNN,4.559505049,3.529821,10.0,1.029684049
19.vasp,3,5,GNN,6.374175798,5.6755347,11.0,0.6986410979999995
2.vasp,3,5,GNN,6.214164275,4.4861655,12.0,1.7279987749999997
20.vasp,3,5,GNN,5.422701786,4.2544107,13.0,1.168291086
3.vasp,3,5,GNN,4.33845104,4.079774,14.0,0.25867704000000025
4.vasp,3,5,GNN,2.737012659,2.8776324,15.0,-0.14061974100000008
5.vasp,3,5,GNN,2.225160361,2.7522786,16.0,-0.527118239
6.vasp,3,5,GNN,6.033119031,4.965458,17.0,1.067661031
7.vasp,3,5,GNN,3.380697728,3.6174655,18.0,-0.23676777199999988
8.vasp,3,5,GNN,2.682005386,2.382955,19.0,0.2990503860000002
9.vasp,3,5,GNN,2.663108711,2.7427273,20.0,-0.07961858899999985
0.vasp,3,5,AtomisticPotential,0.0,0.0,0.0,0.0
1.vasp,3,5,AtomisticPotential,4.928519202,3.1585463449073785,1.0,1.7699728570926219
2.vasp,3,5,AtomisticPotential,6.214164275,4.17689410084645,2.0,2.0372701741535497
3.vasp,3,5,AtomisticPotential,4.33845104,2.649572244008745,3.0,1.688878795991255
4.vasp,3,5,AtomisticPotential,2.737012659,1.387444972728769,4.0,1.349567686271231
5.vasp,3,5,AtomisticPotential,2.225160361,1.725542469004086,5.0,0.499617891995914
6.vasp,3,5,AtomisticPotential,6.033119031,4.3477408971980545,6.0,1.6853781338019456
7.vasp,3,5,AtomisticPotential,3.380697728,2.2261730655133114,7.0,1.1545246624866885
8.vasp,3,5,AtomisticPotential,2.682005386,1.8564028575515792,8.0,0.825602528448421
9.vasp,3,5,AtomisticPotential,2.663108711,1.836410535696963,9.0,0.8266981753030369
10.vasp,3,5,AtomisticPotential,4.45421576,2.8611391748575237,10.0,1.5930765851424766
11.vasp,3,5,AtomisticPotential,2.431122119,1.7885089607748128,11.0,0.642613158225187
12.vasp,3,5,AtomisticPotential,3.641420496,1.6394448619806,12.0,2.0019756340194
13.vasp,3,5,AtomisticPotential,6.405702094,3.6894179556645312,13.0,2.7162841383354683
14.vasp,3,5,AtomisticPotential,8.855503877,5.025327736451807,14.0,3.8301761405481933
15.vasp,3,5,AtomisticPotential,2.713045822,2.1055932176410685,15.0,0.6074526043589317
16.vasp,3,5,AtomisticPotential,6.099805431,4.010015384199136,16.0,2.0897900468008643
17.vasp,3,5,AtomisticPotential,2.722210481,2.186712303921265,17.0,0.5354981770787348
18.vasp,3,5,AtomisticPotential,4.559505049,2.764004834762929,18.0,1.7955002142370713
19.vasp,3,5,AtomisticPotential,6.374175798,4.8487184586995795,19.0,1.52545733930042
20.vasp,3,5,AtomisticPotential,5.422701786,3.186987034275411,20.0,2.235714751724589
0.vasp,4,1,GNN,0.0,0.0,0.0,0.0
1.vasp,4,1,GNN,4.928519202,3.3444042,1.0,1.5841150020000003
10.vasp,4,1,GNN,4.45421576,3.1637983,2.0,1.2904174600000005
11.vasp,4,1,GNN,2.431122119,2.1732225,3.0,0.2578996189999998
12.vasp,4,1,GNN,3.641420496,1.7863833,4.0,1.8550371959999998
13.vasp,4,1,GNN,6.405702094,3.9407349,5.0,2.4649671939999998
14.vasp,4,1,GNN,8.855503877,6.2257023,6.0,2.6298015770000003
15.vasp,4,1,GNN,2.713045822,2.3938246,7.0,0.31922122200000036
16.vasp,4,1,GNN,6.099805431,4.685051,8.0,1.4147544310000004
17.vasp,4,1,GNN,2.722210481,2.5535345,9.0,0.1686759809999998
18.vasp,4,1,GNN,4.559505049,2.7444687,10.0,1.815036349
19.vasp,4,1,GNN,6.374175798,5.345372,11.0,1.0288037979999993
2.vasp,4,1,GNN,6.214164275,4.867848,12.0,1.3463162749999995
20.vasp,4,1,GNN,5.422701786,4.0118318,13.0,1.4108699859999998
3.vasp,4,1,GNN,4.33845104,3.3864565,14.0,0.9519945399999998
4.vasp,4,1,GNN,2.737012659,1.4227592,15.0,1.314253459
5.vasp,4,1,GNN,2.225160361,1.954691,16.0,0.27046936099999996
6.vasp,4,1,GNN,6.033119031,5.2797065,17.0,0.7534125310000004
7.vasp,4,1,GNN,3.380697728,2.8057933,18.0,0.574904428
8.vasp,4,1,GNN,2.682005386,1.8224589,19.0,0.8595464860000002
9.vasp,4,1,GNN,2.663108711,1.8753811,20.0,0.787727611
0.vasp,4,1,AtomisticPotential,0.0,0.0,0.0,0.0
1.vasp,4,1,AtomisticPotential,4.928519202,2.939136885434067,1.0,1.9893823165659335
2.vasp,4,1,AtomisticPotential,6.214164275,4.072411554891136,2.0,2.1417527201088635
3.vasp,4,1,AtomisticPotential,4.33845104,2.413293120702644,3.0,1.925157919297356
4.vasp,4,1,AtomisticPotential,2.737012659,1.087475758150834,4.0,1.6495369008491658
5.vasp,4,1,AtomisticPotential,2.225160361,1.4971444489030574,5.0,0.7280159120969425
6.vasp,4,1,AtomisticPotential,6.033119031,4.255984910606323,6.0,1.7771341203936775
7.vasp,4,1,AtomisticPotential,3.380697728,2.015685745557512,7.0,1.3650119824424878
8.vasp,4,1,AtomisticPotential,2.682005386,1.6170430833364406,8.0,1.0649623026635595
9.vasp,4,1,AtomisticPotential,2.663108711,1.5835052553902038,9.0,1.0796034556097962
10.vasp,4,1,AtomisticPotential,4.45421576,2.687518207760096,10.0,1.7666975522399042
11.vasp,4,1,AtomisticPotential,2.431122119,1.5498063205786607,11.0,0.8813157984213391
12.vasp,4,1,AtomisticPotential,3.641420496,1.343088758995929,12.0,2.298331737004071
13.vasp,4,1,AtomisticPotential,6.405702094,3.492946346393026,13.0,2.9127557476069734
14.vasp,4,1,AtomisticPotential,8.855503877,4.913963722013769,14.0,3.9415401549862317
15.vasp,4,1,AtomisticPotential,2.713045822,1.8853581400280035,15.0,0.8276876819719967
16.vasp,4,1,AtomisticPotential,6.099805431,3.8515314929000866,16.0,2.2482739380999135
17.vasp,4,1,AtomisticPotential,2.722210481,1.949410421849091,17.0,0.7728000591509088
18.vasp,4,1,AtomisticPotential,4.559505049,2.5279311642146,18.0,2.0315738847854004
19.vasp,4,1,AtomisticPotential,6.374175798,4.747063889495639,19.0,1.6271119085043608
20.vasp,4,1,AtomisticPotential,5.422701786,3.0106116721546705,20.0,2.4120901138453297
0.vasp,4,2,GNN,0.0,0.0,0.0,0.0
1.vasp,4,2,GNN,4.928519202,3.9131975,1.0,1.0153217020000005
10.vasp,4,2,GNN,4.45421576,3.47023,2.0,0.9839857600000004
11.vasp,4,2,GNN,2.431122119,2.8132005,3.0,-0.38207838100000036
12.vasp,4,2,GNN,3.641420496,2.5805197,4.0,1.0609007959999999
13.vasp,4,2,GNN,6.405702094,4.5641165,5.0,1.8415855939999997
14.vasp,4,2,GNN,8.855503877,6.851682,6.0,2.003821877
15.vasp,4,2,GNN,2.713045822,2.9729824,7.0,-0.2599365779999996
16.vasp,4,2,GNN,6.099805431,5.1865225,8.0,0.9132829310000004
17.vasp,4,2,GNN,2.722210481,2.8366525,9.0,-0.11444201900000017
18.vasp,4,2,GNN,4.559505049,3.4652228,10.0,1.0942822490000004
19.vasp,4,2,GNN,6.374175798,5.9528437,11.0,0.4213320979999997
2.vasp,4,2,GNN,6.214164275,5.1519628,12.0,1.0622014750000002
20.vasp,4,2,GNN,5.422701786,4.3466215,13.0,1.0760802859999998
3.vasp,4,2,GNN,4.33845104,3.942531,14.0,0.39592004000000003
4.vasp,4,2,GNN,2.737012659,2.3310478,15.0,0.405964859
5.vasp,4,2,GNN,2.225160361,2.0698853,16.0,0.15527506099999977
6.vasp,4,2,GNN,6.033119031,5.602306,17.0,0.43081303100000046
7.vasp,4,2,GNN,3.380697728,3.2190967,18.0,0.16160102799999976
8.vasp,4,2,GNN,2.682005386,2.2947576,19.0,0.3872477860000001
9.vasp,4,2,GNN,2.663108711,2.452954,20.0,0.21015471099999994
0.vasp,4,2,AtomisticPotential,0.0,0.0,0.0,0.0
1.vasp,4,2,AtomisticPotential,4.928519202,2.8258224746337675,1.0,2.102696727366233
2.vasp,4,2,AtomisticPotential,6.214164275,3.9146396515163495,2.0,2.2995246234836504
3.vasp,4,2,AtomisticPotential,4.33845104,2.295954513651534,3.0,2.042496526348466
4.vasp,4,2,AtomisticPotential,2.737012659,1.0092434239052783,4.0,1.7277692350947216
5.vasp,4,2,AtomisticPotential,2.225160361,1.4590893307923984,5.0,0.7660710302076015
6.vasp,4,2,AtomisticPotential,6.033119031,4.139824380503228,6.0,1.893294650496772
7.vasp,4,2,AtomisticPotential,3.380697728,1.9457186105961668,7.0,1.434979117403833
8.vasp,4,2,AtomisticPotential,2.682005386,1.5500699925135422,8.0,1.131935393486458
9.vasp,4,2,AtomisticPotential,2.663108711,1.5298122873618816,9.0,1.1332964236381184
10.vasp,4,2,AtomisticPotential,4.45421576,2.563835696581627,10.0,1.8903800634183732
11.vasp,4,2,AtomisticPotential,2.431122119,1.4960114356529033,11.0,0.9351106833470966
12.vasp,4,2,AtomisticPotential,3.641420496,1.2655865597001856,12.0,2.375833936299814
13.vasp,4,2,AtomisticPotential,6.405702094,3.3421005417828944,13.0,3.063601552217105
14.vasp,4,2,AtomisticPotential,8.855503877,4.725213770532989,14.0,4.130290106467012
15.vasp,4,2,AtomisticPotential,2.713045822,1.8046854608112357,15.0,0.9083603611887645
16.vasp,4,2,AtomisticPotential,6.099805431,3.714126848335809,16.0,2.385678582664191
17.vasp,4,2,AtomisticPotential,2.722210481,1.8705143862556104,17.0,0.8516960947443895
18.vasp,4,2,AtomisticPotential,4.559505049,2.418675039237005,18.0,2.140830009762995
19.vasp,4,2,AtomisticPotential,6.374175798,4.601526601108134,19.0,1.7726491968918658
20.vasp,4,2,AtomisticPotential,5.422701786,2.891382487827819,20.0,2.531319298172181
0.vasp,4,3,GNN,0.0,0.0,0.0,0.0
1.vasp,4,3,GNN,4.928519202,3.5531387,1.0,1.3753805020000005
10.vasp,4,3,GNN,4.45421576,3.1799507,2.0,1.2742650600000003
11.vasp,4,3,GNN,2.431122119,2.603513,3.0,-0.1723908810000001
12.vasp,4,3,GNN,3.641420496,2.0287144,4.0,1.6127060959999997
13.vasp,4,3,GNN,6.405702094,3.8940158,5.0,2.5116862939999995
14.vasp,4,3,GNN,8.855503877,6.2648215,6.0,2.5906823770000003
15.vasp,4,3,GNN,2.713045822,2.7533967,7.0,-0.04035087799999992
16.vasp,4,3,GNN,6.099805431,4.8204765,8.0,1.2793289310000002
17.vasp,4,3,GNN,2.722210481,2.6502173,9.0,0.07199318099999985
18.vasp,4,3,GNN,4.559505049,3.1989064,10.0,1.3605986490000004
19.vasp,4,3,GNN,6.374175798,5.4363136,11.0,0.9378621979999995
2.vasp,4,3,GNN,6.214164275,4.7453218,12.0,1.4688424749999998
20.vasp,4,3,GNN,5.422701786,4.412341,13.0,1.0103607860000006
3.vasp,4,3,GNN,4.33845104,3.7861066,14.0,0.5523444399999997
4.vasp,4,3,GNN,2.737012659,1.8706632,15.0,0.8663494589999998
5.vasp,4,3,GNN,2.225160361,2.5741658,16.0,-0.3490054389999999
6.vasp,4,3,GNN,6.033119031,5.1828604,17.0,0.850258631
7.vasp,4,3,GNN,3.380697728,3.1332934,18.0,0.247404328
8.vasp,4,3,GNN,2.682005386,1.9287717,19.0,0.7532336860000002
9.vasp,4,3,GNN,2.663108711,2.1844566,20.0,0.47865211100000016
0.vasp,4,3,AtomisticPotential,0.0,0.0,0.0,0.0
1.vasp,4,3,AtomisticPotential,4.928519202,2.9181011047849417,1.0,2.0104180972150587
2.vasp,4,3,AtomisticPotential,6.214164275,3.9925396543024223,2.0,2.2216246206975776
3.vasp,4,3,AtomisticPotential,4.33845104,2.393430150718558,3.0,1.9450208892814418
4.vasp,4,3,AtomisticPotential,2.737012659,1.1097667621868084,4.0,1.6272458968131915
5.vasp,4,3,AtomisticPotential,2.225160361,1.5292981654940585,5.0,0.6958621955059414
6.vasp,4,3,AtomisticPotential,6.033119031,4.2016361063055,6.0,1.8314829246945
7.vasp,4,3,AtomisticPotential,3.380697728,2.02168478266762,7.0,1.3590129453323798
8.vasp,4,3,AtomisticPotential,2.682005386,1.6321350604149778,8.0,1.0498703255850224
9.vasp,4,3,AtomisticPotential,2.663108711,1.6111193771733203,9.0,1.0519893338266797
10.vasp,4,3,AtomisticPotential,4.45421576,2.647686452599327,10.0,1.8065293074006732
11.vasp,4,3,AtomisticPotential,2.431122119,1.5737576751289843,11.0,0.8573644438710155
12.vasp,4,3,AtomisticPotential,3.641420496,1.3651205307116534,12.0,2.2762999652883464
13.vasp,4,3,AtomisticPotential,6.405702094,3.440646662847154,13.0,2.9650554311528454
14.vasp,4,3,AtomisticPotential,8.855503877,4.815003444089498,14.0,4.040500432910502
15.vasp,4,3,AtomisticPotential,2.713045822,1.886371408487012,15.0,0.8266744135129882
16.vasp,4,3,AtomisticPotential,6.099805431,3.799126036959059,16.0,2.300679394040941
17.vasp,4,3,AtomisticPotential,2.722210481,1.955976397394892,17.0,0.7662340836051078
18.vasp,4,3,AtomisticPotential,4.559505049,2.513641573741811,18.0,2.045863475258189
19.vasp,4,3,AtomisticPotential,6.374175798,4.675284688458287,19.0,1.6988911095417123
20.vasp,4,3,AtomisticPotential,5.422701786,2.974722330620235,20.0,2.447979455379765
0.vasp,4,5,GNN,0.0,0.0,0.0,0.0
1.vasp,4,5,GNN,4.928519202,4.119893,1.0,0.8086262020000001
10.vasp,4,5,GNN,4.45421576,3.7164981,2.0,0.7377176600000004
11.vasp,4,5,GNN,2.431122119,2.805151,3.0,-0.3740288810000001
12.vasp,4,5,GNN,3.641420496,2.6205826,4.0,1.0208378959999997
13.vasp,4,5,GNN,6.405702094,4.785143,5.0,1.6205590939999999
14.vasp,4,5,GNN,8.855503877,7.1295652,6.0,1.7259386770000003
15.vasp,4,5,GNN,2.713045822,3.2848642,7.0,-0.5718183779999997
16.vasp,4,5,GNN,6.099805431,5.510562,8.0,0.5892434309999999
17.vasp,4,5,GNN,2.722210481,3.3932402,9.0,-0.6710297190000003
18.vasp,4,5,GNN,4.559505049,3.7437432,10.0,0.8157618490000003
19.vasp,4,5,GNN,6.374175798,6.089485,11.0,0.28469079799999975
2.vasp,4,5,GNN,6.214164275,5.655533,12.0,0.5586312749999998
20.vasp,4,5,GNN,5.422701786,4.838352,13.0,0.5843497859999998
3.vasp,4,5,GNN,4.33845104,4.32539,14.0,0.01306104000000019
4.vasp,4,5,GNN,2.737012659,2.145885,15.0,0.5911276590000001
5.vasp,4,5,GNN,2.225160361,2.1195307,16.0,0.10562966100000004
6.vasp,4,5,GNN,6.033119031,5.73664,17.0,0.2964790309999996
7.vasp,4,5,GNN,3.380697728,3.488232,18.0,-0.1075342720000001
8.vasp,4,5,GNN,2.682005386,2.3024437,19.0,0.3795616860000002
9.vasp,4,5,GNN,2.663108711,2.5192556,20.0,0.14385311099999987
0.vasp,4,5,AtomisticPotential,0.0,0.0,0.0,0.0
1.vasp,4,5,AtomisticPotential,4.928519202,2.9452551755132816,1.0,1.9832640264867187
2.vasp,4,5,AtomisticPotential,6.214164275,4.018129525392723,2.0,2.1960347496072767
3.vasp,4,5,AtomisticPotential,4.33845104,2.4185813921085533,3.0,1.9198696478914465
4.vasp,4,5,AtomisticPotential,2.737012659,1.1322069440468958,4.0,1.604805714953104
5.vasp,4,5,AtomisticPotential,2.225160361,1.5505800122864422,5.0,0.6745803487135578
6.vasp,4,5,AtomisticPotential,6.033119031,4.228382280900334,6.0,1.804736750099666
7.vasp,4,5,AtomisticPotential,3.380697728,2.0440893977478254,7.0,1.3366083302521745
8.vasp,4,5,AtomisticPotential,2.682005386,1.6541206972954257,8.0,1.0278846887045745
9.vasp,4,5,AtomisticPotential,2.663108711,1.6340208849501856,9.0,1.0290878260498144
10.vasp,4,5,AtomisticPotential,4.45421576,2.670455611073656,10.0,1.7837601489263442
11.vasp,4,5,AtomisticPotential,2.431122119,1.5956136442615725,11.0,0.8355084747384274
12.vasp,4,5,AtomisticPotential,3.641420496,1.3887840876258757,12.0,2.252636408374124
13.vasp,4,5,AtomisticPotential,6.405702094,3.468695910792025,13.0,2.9370061832079744
14.vasp,4,5,AtomisticPotential,8.855503877,4.845030535810309,14.0,4.010473341189691
15.vasp,4,5,AtomisticPotential,2.713045822,1.908405111826042,15.0,0.8046407101739581
16.vasp,4,5,AtomisticPotential,6.099805431,3.82717708455678,16.0,2.27262834644322
17.vasp,4,5,AtomisticPotential,2.722210481,1.9794335856559575,17.0,0.7427768953440423
18.vasp,4,5,AtomisticPotential,4.559505049,2.53959430208225,18.0,2.01991074691775
19.vasp,4,5,AtomisticPotential,6.374175798,4.7047302865283385,19.0,1.669445511471661
20.vasp,4,5,AtomisticPotential,5.422701786,2.99955510064757,20.0,2.4231466853524304
0.vasp,5,1,GNN,0.0,0.0,0.0,0.0
1.vasp,5,1,GNN,4.928519202,4.2444487,1.0,0.684070502
10.vasp,5,1,GNN,4.45421576,3.3418264,2.0,1.1123893600000003
11.vasp,5,1,GNN,2.431122119,3.0698502,3.0,-0.638728081
12.vasp,5,1,GNN,3.641420496,2.5988603,4.0,1.0425601959999997
13.vasp,5,1,GNN,6.405702094,4.362084,5.0,2.0436180939999993
14.vasp,5,1,GNN,8.855503877,6.0689106,6.0,2.7865932770000006
15.vasp,5,1,GNN,2.713045822,3.2584023,7.0,-0.545356478
16.vasp,5,1,GNN,6.099805431,5.0253396,8.0,1.0744658310000004
17.vasp,5,1,GNN,2.722210481,3.300126,9.0,-0.5779155190000003
18.vasp,5,1,GNN,4.559505049,3.756113,10.0,0.8033920490000002
19.vasp,5,1,GNN,6.374175798,5.953358,11.0,0.42081779799999985
2.vasp,5,1,GNN,6.214164275,4.8523674,12.0,1.3617968749999996
20.vasp,5,1,GNN,5.422701786,4.5357027,13.0,0.8869990860000003
3.vasp,5,1,GNN,4.33845104,4.3847413,14.0,-0.04629026000000014
4.vasp,5,1,GNN,2.737012659,2.2189727,15.0,0.5180399589999998
5.vasp,5,1,GNN,2.225160361,2.5588262,16.0,-0.333665839
6.vasp,5,1,GNN,6.033119031,4.9759016,17.0,1.0572174309999998
7.vasp,5,1,GNN,3.380697728,3.6601324,18.0,-0.2794346720000003
8.vasp,5,1,GNN,2.682005386,2.428873,19.0,0.2531323860000003
9.vasp,5,1,GNN,2.663108711,2.7381563,20.0,-0.07504758899999997
0.vasp,5,1,AtomisticPotential,0.0,0.0,0.0,0.0
1.vasp,5,1,AtomisticPotential,4.928519202,3.147048354728412,1.0,1.7814708472715886
2.vasp,5,1,AtomisticPotential,6.214164275,4.230574956417893,2.0,1.9835893185821067
3.vasp,5,1,AtomisticPotential,4.33845104,2.6364445141383435,3.0,1.7020065258616563
4.vasp,5,1,AtomisticPotential,2.737012659,1.330944033468466,4.0,1.406068625531534
5.vasp,5,1,AtomisticPotential,2.225160361,1.666532485699122,5.0,0.558627875300878
6.vasp,5,1,AtomisticPotential,6.033119031,4.378289025645412,6.0,1.6548300053545884
7.vasp,5,1,AtomisticPotential,3.380697728,2.192476940447296,7.0,1.1882207875527038
8.vasp,5,1,AtomisticPotential,2.682005386,1.8119804390435768,8.0,0.8700249469564234
9.vasp,5,1,AtomisticPotential,2.663108711,1.778787416285489,9.0,0.8843212947145109
10.vasp,5,1,AtomisticPotential,4.45421576,2.872992765653933,10.0,1.5812229943460672
11.vasp,5,1,AtomisticPotential,2.431122119,1.735974525099067,11.0,0.6951475939009328
12.vasp,5,1,AtomisticPotential,3.641420496,1.5829420907515512,12.0,2.0584784052484486
13.vasp,5,1,AtomisticPotential,6.405702094,3.708511234188599,13.0,2.6971908598114007
14.vasp,5,1,AtomisticPotential,8.855503877,5.094143250822,14.0,3.761360626178
15.vasp,5,1,AtomisticPotential,2.713045822,2.075859700128042,15.0,0.6371861218719581
16.vasp,5,1,AtomisticPotential,6.099805431,4.032458031116793,16.0,2.0673473998832073
17.vasp,5,1,AtomisticPotential,2.722210481,2.1497194386835012,17.0,0.5724910423164986
18.vasp,5,1,AtomisticPotential,4.559505049,2.7453577414503307,18.0,1.8141473075496695
19.vasp,5,1,AtomisticPotential,6.374175798,4.893387281779052,19.0,1.4807885162209473
20.vasp,5,1,AtomisticPotential,5.422701786,3.194013051409989,20.0,2.228688734590011
0.vasp,5,2,GNN,0.0,0.0,0.0,0.0
1.vasp,5,2,GNN,4.928519202,4.668637,1.0,0.259882202
10.vasp,5,2,GNN,4.45421576,3.7876005,2.0,0.6666152600000004
11.vasp,5,2,GNN,2.431122119,3.2368436,3.0,-0.805721481
12.vasp,5,2,GNN,3.641420496,3.0451968,4.0,0.596223696
13.vasp,5,2,GNN,6.405702094,5.134414,5.0,1.271288094
14.vasp,5,2,GNN,8.855503877,7.0516677,6.0,1.803836177
15.vasp,5,2,GNN,2.713045822,3.5807111,7.0,-0.8676652779999996
16.vasp,5,2,GNN,6.099805431,5.6856637,8.0,0.41414173099999996
17.vasp,5,2,GNN,2.722210481,3.6816378,9.0,-0.959427319
18.vasp,5,2,GNN,4.559505049,4.0970697,10.0,0.4624353490000006
19.vasp,5,2,GNN,6.374175798,6.512749,11.0,-0.13857320200000078
2.vasp,5,2,GNN,6.214164275,5.4113035,12.0,0.8028607750000001
20.vasp,5,2,GNN,5.422701786,4.835374,13.0,0.5873277860000004
3.vasp,5,2,GNN,4.33845104,4.799859,14.0,-0.46140795999999984
4.vasp,5,2,GNN,2.737012659,2.637775,15.0,0.09923765899999992
5.vasp,5,2,GNN,2.225160361,2.937523,16.0,-0.7123626390000002
6.vasp,5,2,GNN,6.033119031,5.691631,17.0,0.3414880309999999
7.vasp,5,2,GNN,3.380697728,3.7641454,18.0,-0.38344767199999996
8.vasp,5,2,GNN,2.682005386,2.93056,19.0,-0.24855461399999967
9.vasp,5,2,GNN,2.663108711,3.0840425,20.0,-0.4209337889999998
0.vasp,5,2,AtomisticPotential,0.0,0.0,0.0,0.0
1.vasp,5,2,AtomisticPotential,4.928519202,3.054133409242848,1.0,1.8743857927571526
2.vasp,5,2,AtomisticPotential,6.214164275,4.092190703937327,2.0,2.1219735710626733
3.vasp,5,2,AtomisticPotential,4.33845104,2.540137996542196,3.0,1.7983130434578039
4.vasp,5,2,AtomisticPotential,2.737012659,1.2726991191233097,4.0,1.4643135398766902
5.vasp,5,2,AtomisticPotential,2.225160361,1.6426582952590714,5.0,0.5825020657409286
6.vasp,5,2,AtomisticPotential,6.033119031,4.278061046248407,6.0,1.755057984751593
7.vasp,5,2,AtomisticPotential,3.380697728,2.1386228613988045,7.0,1.2420748666011954
8.vasp,5,2,AtomisticPotential,2.682005386,1.7618798636349204,8.0,0.9201255223650797
9.vasp,5,2,AtomisticPotential,2.663108711,1.7415797527979215,9.0,0.9215289582020785
10.vasp,5,2,AtomisticPotential,4.45421576,2.768215827991721,10.0,1.6859999320082792
11.vasp,5,2,AtomisticPotential,2.431122119,1.6980098443737894,11.0,0.7331122746262104
12.vasp,5,2,AtomisticPotential,3.641420496,1.525414460569806,12.0,2.116006035430194
13.vasp,5,2,AtomisticPotential,6.405702094,3.5802090746316253,13.0,2.8254930193683743
14.vasp,5,2,AtomisticPotential,8.855503877,4.928010428371813,14.0,3.927493448628187
15.vasp,5,2,AtomisticPotential,2.713045822,2.012413120549599,15.0,0.700632701450401
16.vasp,5,2,AtomisticPotential,6.099805431,3.9152008636890834,16.0,2.1846045673109167
17.vasp,5,2,AtomisticPotential,2.722210481,2.088734869140648,17.0,0.6334756118593519
18.vasp,5,2,AtomisticPotential,4.559505049,2.656626516052416,18.0,1.9028785329475841
19.vasp,5,2,AtomisticPotential,6.374175798,4.766753400846106,19.0,1.6074223971538935
20.vasp,5,2,AtomisticPotential,5.422701786,3.0937438762499703,20.0,2.32895790975003
0.vasp,5,3,GNN,0.0,0.0,0.0,0.0
1.vasp,5,3,GNN,4.928519202,4.489755,1.0,0.43876420200000066
10.vasp,5,3,GNN,4.45421576,3.901524,2.0,0.5526917600000001
11.vasp,5,3,GNN,2.431122119,3.5456965,3.0,-1.1145743810000002
12.vasp,5,3,GNN,3.641420496,3.3646486,4.0,0.27677189599999963
13.vasp,5,3,GNN,6.405702094,4.8678937,5.0,1.5378083939999998
14.vasp,5,3,GNN,8.855503877,5.99478,6.0,2.860723877
15.vasp,5,3,GNN,2.713045822,3.8233466,7.0,-1.1103007779999996
16.vasp,5,3,GNN,6.099805431,5.313567,8.0,0.7862384310000001
17.vasp,5,3,GNN,2.722210481,3.7698498,9.0,-1.047639319
18.vasp,5,3,GNN,4.559505049,4.192609,10.0,0.36689604900000017
19.vasp,5,3,GNN,6.374175798,6.3112564,11.0,0.06291939799999913
2.vasp,5,3,GNN,6.214164275,4.9227753,12.0,1.2913889750000003
20.vasp,5,3,GNN,5.422701786,4.6462507,13.0,0.7764510859999998
3.vasp,5,3,GNN,4.33845104,4.7220325,14.0,-0.38358146000000026
4.vasp,5,3,GNN,2.737012659,3.6296093,15.0,-0.8925966409999999
5.vasp,5,3,GNN,2.225160361,3.02594,16.0,-0.8007796389999999
6.vasp,5,3,GNN,6.033119031,5.2630157,17.0,0.7701033309999996
7.vasp,5,3,GNN,3.380697728,4.2316666,18.0,-0.8509688719999997
8.vasp,5,3,GNN,2.682005386,2.8037755,19.0,-0.12177011399999982
9.vasp,5,3,GNN,2.663108711,3.2777112,20.0,-0.6146024890000001
0.vasp,5,3,AtomisticPotential,0.0,0.0,0.0,0.0
1.vasp,5,3,AtomisticPotential,4.928519202,3.1585463449073785,1.0,1.7699728570926219
2.vasp,5,3,AtomisticPotential,6.214164275,4.17689410084645,2.0,2.0372701741535497
3.vasp,5,3,AtomisticPotential,4.33845104,2.649572244008745,3.0,1.688878795991255
4.vasp,5,3,AtomisticPotential,2.737012659,1.387444972728769,4.0,1.349567686271231
5.vasp,5,3,AtomisticPotential,2.225160361,1.725542469004086,5.0,0.499617891995914
6.vasp,5,3,AtomisticPotential,6.033119031,4.3477408971980545,6.0,1.6853781338019456
7.vasp,5,3,AtomisticPotential,3.380697728,2.2261730655133114,7.0,1.1545246624866885
8.vasp,5,3,AtomisticPotential,2.682005386,1.8564028575515792,8.0,0.825602528448421
9.vasp,5,3,AtomisticPotential,2.663108711,1.836410535696963,9.0,0.8266981753030369
10.vasp,5,3,AtomisticPotential,4.45421576,2.8611391748575237,10.0,1.5930765851424766
11.vasp,5,3,AtomisticPotential,2.431122119,1.7885089607748128,11.0,0.642613158225187
12.vasp,5,3,AtomisticPotential,3.641420496,1.6394448619806,12.0,2.0019756340194
13.vasp,5,3,AtomisticPotential,6.405702094,3.6894179556645312,13.0,2.7162841383354683
14.vasp,5,3,AtomisticPotential,8.855503877,5.025327736451807,14.0,3.8301761405481933
15.vasp,5,3,AtomisticPotential,2.713045822,2.1055932176410685,15.0,0.6074526043589317
16.vasp,5,3,AtomisticPotential,6.099805431,4.010015384199136,16.0,2.0897900468008643
17.vasp,5,3,AtomisticPotential,2.722210481,2.186712303921265,17.0,0.5354981770787348
18.vasp,5,3,AtomisticPotential,4.559505049,2.764004834762929,18.0,1.7955002142370713
19.vasp,5,3,AtomisticPotential,6.374175798,4.8487184586995795,19.0,1.52545733930042
20.vasp,5,3,AtomisticPotential,5.422701786,3.186987034275411,20.0,2.235714751724589
0.vasp,5,4,GNN,0.0,0.0,0.0,0.0
1.vasp,5,4,GNN,4.928519202,4.3545537,1.0,0.5739655020000001
10.vasp,5,4,GNN,4.45421576,3.9622846,2.0,0.4919311600000005
11.vasp,5,4,GNN,2.431122119,3.0298436,3.0,-0.5987214810000001
12.vasp,5,4,GNN,3.641420496,2.857428,4.0,0.7839924959999998
13.vasp,5,4,GNN,6.405702094,4.9866023,5.0,1.4190997939999992
14.vasp,5,4,GNN,8.855503877,7.3418307,6.0,1.5136731770000003
15.vasp,5,4,GNN,2.713045822,3.4830399,7.0,-0.7699940779999999
16.vasp,5,4,GNN,6.099805431,5.690919,8.0,0.408886431
17.vasp,5,4,GNN,2.722210481,3.6245518,9.0,-0.902341319
18.vasp,5,4,GNN,4.559505049,3.964841,10.0,0.5946640490000004
19.vasp,5,4,GNN,6.374175798,6.2984796,11.0,0.07569619799999927
2.vasp,5,4,GNN,6.214164275,5.87696,12.0,0.3372042749999995
20.vasp,5,4,GNN,5.422701786,5.0780115,13.0,0.3446902860000005
3.vasp,5,4,GNN,4.33845104,4.544519,14.0,-0.20606796000000038
4.vasp,5,4,GNN,2.737012659,2.4200459,15.0,0.31696675900000004
5.vasp,5,4,GNN,2.225160361,2.2922528,16.0,-0.06709243900000006
6.vasp,5,4,GNN,6.033119031,5.9391255,17.0,0.09399353099999974
7.vasp,5,4,GNN,3.380697728,3.7010713,18.0,-0.3203735720000003
8.vasp,5,4,GNN,2.682005386,2.4589546,19.0,0.22305078599999995
9.vasp,5,4,GNN,2.663108711,2.7178369,20.0,-0.05472818899999998
0.vasp,5,4,AtomisticPotential,0.0,0.0,0.0,0.0
1.vasp,5,4,AtomisticPotential,4.928519202,2.9452551755132816,1.0,1.9832640264867187
2.vasp,5,4,AtomisticPotential,6.214164275,4.018129525392723,2.0,2.1960347496072767
3.vasp,5,4,AtomisticPotential,4.33845104,2.4185813921085533,3.0,1.9198696478914465
4.vasp,5,4,AtomisticPotential,2.737012659,1.1322069440468958,4.0,1.604805714953104
5.vasp,5,4,AtomisticPotential,2.225160361,1.5505800122864422,5.0,0.6745803487135578
6.vasp,5,4,AtomisticPotential,6.033119031,4.228382280900334,6.0,1.804736750099666
7.vasp,5,4,AtomisticPotential,3.380697728,2.0440893977478254,7.0,1.3366083302521745
8.vasp,5,4,AtomisticPotential,2.682005386,1.6541206972954257,8.0,1.0278846887045745
9.vasp,5,4,AtomisticPotential,2.663108711,1.6340208849501856,9.0,1.0290878260498144
10.vasp,5,4,AtomisticPotential,4.45421576,2.670455611073656,10.0,1.7837601489263442
11.vasp,5,4,AtomisticPotential,2.431122119,1.5956136442615725,11.0,0.8355084747384274
12.vasp,5,4,AtomisticPotential,3.641420496,1.3887840876258757,12.0,2.252636408374124
13.vasp,5,4,AtomisticPotential,6.405702094,3.468695910792025,13.0,2.9370061832079744
14.vasp,5,4,AtomisticPotential,8.855503877,4.845030535810309,14.0,4.010473341189691
15.vasp,5,4,AtomisticPotential,2.713045822,1.908405111826042,15.0,0.8046407101739581
16.vasp,5,4,AtomisticPotential,6.099805431,3.82717708455678,16.0,2.27262834644322
17.vasp,5,4,AtomisticPotential,2.722210481,1.9794335856559575,17.0,0.7427768953440423
18.vasp,5,4,AtomisticPotential,4.559505049,2.53959430208225,18.0,2.01991074691775
19.vasp,5,4,AtomisticPotential,6.374175798,4.7047302865283385,19.0,1.669445511471661
20.vasp,5,4,AtomisticPotential,5.422701786,2.99955510064757,20.0,2.4231466853524304
